k, original spectral radius, immunized spectral radius, radius drop, immunized nodes, total time
100,5.11928859386662,2.292679374927201,2.826609218939419, [123, 367, 427, 249, 264, 149, 127, 124, 146, 176, 8, 179, 145, 174, 1245, 559, 9, 422, 856, 390, 122, 2001, 175, 251, 3, 1317, 125, 129, 248, 424, 4, 250, 667, 718, 554, 247, 17, 133, 238, 1541, 180, 31, 697, 1022, 740, 1143, 695, 252, 1947, 531, 2377, 1620, 1137, 2093, 2862, 1556, 1890, 478, 989, 2337, 2948, 3981, 381, 351, 736, 2523, 1636, 1382, 659, 3232, 3220, 1749, 412, 1402, 804, 2898, 629, 1573, 3813, 786, 1533, 2039, 3409, 1534, 4293, 962, 2614, 2269, 32, 1974, 2859, 380, 2451, 852, 979, 2723, 1946, 2719, 955, 1287],265.46213603019714
